週,燒肉
2012-11-18,13
2012-11-25,13
2012-12-02,14
2012-12-09,13
2012-12-16,14
2012-12-23,20
2012-12-30,17
2013-01-06,15
2013-01-13,15
2013-01-20,15
2013-01-27,15
2013-02-03,13
2013-02-10,15
2013-02-17,13
2013-02-24,15
2013-03-03,13
2013-03-10,14
2013-03-17,14
2013-03-24,14
2013-03-31,17
2013-04-07,14
2013-04-14,16
2013-04-21,14
2013-04-28,16
2013-05-05,16
2013-05-12,17
2013-05-19,16
2013-05-26,17
2013-06-02,18
2013-06-09,21
2013-06-16,20
2013-06-23,19
2013-06-30,19
2013-07-07,17
2013-07-14,18
2013-07-21,19
2013-07-28,19
2013-08-04,19
2013-08-11,23
2013-08-18,20
2013-08-25,22
2013-09-01,25
2013-09-08,27
2013-09-15,47
2013-09-22,22
2013-09-29,20
2013-10-06,20
2013-10-13,18
2013-10-20,16
2013-10-27,17
2013-11-03,17
2013-11-10,19
2013-11-17,17
2013-11-24,17
2013-12-01,18
2013-12-08,21
2013-12-15,21
2013-12-22,26
2013-12-29,28
2014-01-05,20
2014-01-12,20
2014-01-19,20
2014-01-26,16
2014-02-02,23
2014-02-09,23
2014-02-16,21
2014-02-23,22
2014-03-02,27
2014-03-09,22
2014-03-16,19
2014-03-23,19
2014-03-30,20
2014-04-06,20
2014-04-13,21
2014-04-20,21
2014-04-27,23
2014-05-04,23
2014-05-11,22
2014-05-18,22
2014-05-25,22
2014-06-01,23
2014-06-08,24
2014-06-15,25
2014-06-22,23
2014-06-29,23
2014-07-06,24
2014-07-13,24
2014-07-20,26
2014-07-27,29
2014-08-03,28
2014-08-10,31
2014-08-17,31
2014-08-24,33
2014-08-31,41
2014-09-07,36
2014-09-14,23
2014-09-21,23
2014-09-28,21
2014-10-05,22
2014-10-12,19
2014-10-19,20
2014-10-26,22
2014-11-02,20
2014-11-09,20
2014-11-16,21
2014-11-23,21
2014-11-30,22
2014-12-07,23
2014-12-14,27
2014-12-21,33
2014-12-28,36
2015-01-04,25
2015-01-11,28
2015-01-18,26
2015-01-25,26
2015-02-01,27
2015-02-08,32
2015-02-15,24
2015-02-22,29
2015-03-01,27
2015-03-08,29
2015-03-15,28
2015-03-22,31
2015-03-29,32
2015-04-05,32
2015-04-12,30
2015-04-19,28
2015-04-26,31
2015-05-03,32
2015-05-10,31
2015-05-17,33
2015-05-24,35
2015-05-31,36
2015-06-07,36
2015-06-14,38
2015-06-21,39
2015-06-28,37
2015-07-05,37
2015-07-12,39
2015-07-19,41
2015-07-26,40
2015-08-02,39
2015-08-09,56
2015-08-16,48
2015-08-23,41
2015-08-30,40
2015-09-06,42
2015-09-13,44
2015-09-20,57
2015-09-27,51
2015-10-04,44
2015-10-11,33
2015-10-18,34
2015-10-25,35
2015-11-01,35
2015-11-08,33
2015-11-15,35
2015-11-22,34
2015-11-29,34
2015-12-06,36
2015-12-13,36
2015-12-20,45
2015-12-27,44
2016-01-03,30
2016-01-10,28
2016-01-17,29
2016-01-24,29
2016-01-31,28
2016-02-07,30
2016-02-14,33
2016-02-21,32
2016-02-28,33
2016-03-06,33
2016-03-13,36
2016-03-20,33
2016-03-27,33
2016-04-03,35
2016-04-10,32
2016-04-17,34
2016-04-24,33
2016-05-01,36
2016-05-08,36
2016-05-15,37
2016-05-22,37
2016-05-29,39
2016-06-05,44
2016-06-12,41
2016-06-19,40
2016-06-26,40
2016-07-03,41
2016-07-10,42
2016-07-17,47
2016-07-24,44
2016-07-31,46
2016-08-07,44
2016-08-14,39
2016-08-21,42
2016-08-28,45
2016-09-04,53
2016-09-11,74
2016-09-18,45
2016-09-25,36
2016-10-02,38
2016-10-09,40
2016-10-16,36
2016-10-23,34
2016-10-30,31
2016-11-06,32
2016-11-13,36
2016-11-20,36
2016-11-27,36
2016-12-04,39
2016-12-11,39
2016-12-18,45
2016-12-25,49
2017-01-01,45
2017-01-08,42
2017-01-15,42
2017-01-22,34
2017-01-29,45
2017-02-05,44
2017-02-12,50
2017-02-19,48
2017-02-26,48
2017-03-05,44
2017-03-12,47
2017-03-19,43
2017-03-26,43
2017-04-02,46
2017-04-09,44
2017-04-16,44
2017-04-23,47
2017-04-30,50
2017-05-07,47
2017-05-14,51
2017-05-21,51
2017-05-28,51
2017-06-04,51
2017-06-11,53
2017-06-18,56
2017-06-25,55
2017-07-02,55
2017-07-09,54
2017-07-16,53
2017-07-23,52
2017-07-30,56
2017-08-06,58
2017-08-13,56
2017-08-20,55
2017-08-27,66
2017-09-03,59
2017-09-10,55
2017-09-17,58
2017-09-24,64
2017-10-01,100
2017-10-08,65
2017-10-15,51
2017-10-22,43
2017-10-29,44
2017-11-05,43
2017-11-12,41